application_id,job_id,applicant_name,applicant_email,application_date,application_status,resume_file_path,cover_letter_text
1,1,John Smith,john.smith@email.com,2024-01-16 09:30:00,Interview,john_smith_resume.pdf,Experienced data analyst with 3 years in tech industry
2,1,Alice Brown,alice.b@email.com,2024-01-17 14:20:00,Applied,alice_brown_cv.pdf,Recent graduate seeking data analyst position
3,2,David Wilson,david.w@email.com,2024-01-19 11:15:00,Reviewed,david_wilson_resume.pdf,Looking for junior data analyst role
4,3,Sarah Johnson,sarah.j@email.com,2024-01-21 16:45:00,Rejected,sarah_johnson_cv.pdf,Marketing professional transitioning to data
5,4,Michael Chen,michael.c@email.com,2024-01-26 10:00:00,Interview,michael_chen_resume.pdf,Senior data scientist with ML expertise
6,5,Emma Davis,emma.d@email.com,2024-01-29 13:30:00,Applied,emma_davis_cv.pdf,BI analyst with Power BI experience
7,6,James Miller,james.m@email.com,2024-02-02 08:45:00,Reviewed,james_miller_resume.pdf,Data engineer specializing in ETL
8,7,Sophia Garcia,sophia.g@email.com,2024-02-05 15:20:00,Applied,sophia_garcia_cv.pdf,Retail data analyst seeking new challenges
9,8,William Martinez,william.m@email.com,2024-02-08 11:10:00,Interview,william_martinez_resume.pdf,FinTech data specialist
10,9,Olivia Anderson,olivia.a@email.com,2024-02-11 14:50:00,Rejected,olivia_anderson_cv.pdf,Agricultural data enthusiast
11,10,Daniel Thomas,daniel.t@email.com,2024-02-14 09:25:00,Applied,daniel_thomas_resume.pdf,Junior data scientist
12,11,Isabella Jackson,isabella.j@email.com,2024-02-17 16:15:00,Interview,isabella_jackson_cv.pdf,Insurance data analyst
13,12,Ethan White,ethan.w@email.com,2024-02-20 10:40:00,Reviewed,ethan_white_resume.pdf,Sales data analyst
14,13,Mia Harris,mia.h@email.com,2024-02-23 13:55:00,Applied,mia_harris_cv.pdf,Manufacturing data specialist
15,14,Alexander Clark,alexander.c@email.com,2024-02-26 08:30:00,Rejected,alexander_clark_resume.pdf,Startup data analyst
16,15,Charlotte Lewis,charlotte.l@email.com,2024-02-29 15:05:00,Interview,charlotte_lewis_cv.pdf,Logistics data analyst
17,16,Benjamin Walker,benjamin.w@email.com,2024-03-03 11:50:00,Applied,benjamin_walker_resume.pdf,AgriTech data scientist
18,17,Amelia Hall,amelia.h@email.com,2024-03-06 14:25:00,Reviewed,amelia_hall_cv.pdf,Banking data analyst
19,18,Henry Young,henry.y@email.com,2024-03-09 09:15:00,Interview,henry_young_resume.pdf,Analytics consultant
20,19,Evelyn King,evelyn.k@email.com,2024-03-12 16:40:00,Applied,evelyn_king_cv.pdf,Retail insights analyst
21,20,Logan Scott,logan.s@email.com,2024-03-15 10:20:00,Offered,logan_scott_resume.pdf,Lead data scientist
22,21,Abigail Adams,abigail.a@email.com,2024-03-18 13:45:00,Reviewed,abigail_adams_cv.pdf,Junior data engineer
23,22,Jacob Green,jacob.g@email.com,2024-03-21 08:55:00,Applied,jacob_green_resume.pdf,Financial data analyst
24,23,Ava Baker,ava.b@email.com,2024-03-24 15:30:00,Rejected,ava_baker_cv.pdf,Crop data specialist
25,24,Jack Nelson,jack.n@email.com,2024-03-27 11:05:00,Interview,jack_nelson_resume.pdf,ML engineer
26,25,Liam Carter,liam.c@email.com,2024-03-30 14:50:00,Applied,liam_carter_cv.pdf,Risk data analyst
27,1,Harper Mitchell,harper.m@email.com,2024-04-02 09:35:00,Reviewed,harper_mitchell_cv.pdf,Data analyst with SQL expertise
28,5,Grace Perez,grace.p@email.com,2024-04-05 16:10:00,Interview,grace_perez_resume.pdf,BI analyst with Tableau skills
29,10,Lucas Roberts,lucas.r@email.com,2024-04-08 12:25:00,Applied,lucas_roberts_cv.pdf,Aspiring data scientist
30,15,Zoe Turner,zoe.t@email.com,2024-04-11 15:00:00,Rejected,zoe_turner_cv.pdf,Logistics data analyst